key,model,threshold,pr_auc,roc_auc,recall_at_1pct_fpr,precision,recall,f1,false_positive_rate,pr_auc_mobile_money,pr_auc_visa_virtual
hybrid,Hybride (XGB + LSTM + AE),0.51487,0.9911,0.9998,0.9987,0.9689,0.9335,0.9509,0.00046,0.9871,1.0
ablation_without_autoencoder,Hybride sans autoencoder,0.41814,0.991,0.9998,0.9987,0.9576,0.9426,0.9501,0.00065,0.9869,1.0
ablation_without_lstm_attention,Hybride sans lstm_attention,0.53641,0.9864,0.9997,0.9948,0.9644,0.9192,0.9413,0.00052,0.9809,1.0
baseline_random_forest,Random Forest,0.51199,0.9864,0.9997,0.9948,0.9749,0.9126,0.9428,0.00036,0.9808,1.0
ablation_without_xgboost,Hybride sans xgboost,0.64768,0.9863,0.9997,0.9961,0.983,0.9035,0.9416,0.00024,0.98,1.0
branch_lstm_attention,Branche seule : lstm_attention,3.82362,0.9862,0.9997,0.9948,0.9884,0.8918,0.9376,0.00016,0.98,1.0
branch_xgboost,Branche seule : xgboost,2.65657,0.9859,0.9997,0.9948,0.9669,0.9126,0.939,0.00048,0.9797,1.0
baseline_logreg,Régression logistique,5.20096,0.9372,0.9979,0.9518,0.9096,0.8396,0.8732,0.00129,0.911,1.0
branch_autoencoder,Branche seule : autoencoder,0.92327,0.728,0.9527,0.6806,0.9612,0.6467,0.7732,0.0004,0.6652,1.0
baseline_isolation_forest,Isolation Forest,0.54252,0.56,0.9481,0.575,0.5854,0.5319,0.5574,0.00583,0.5778,0.8692
baseline_rules,Règles métier,1.22982,0.2591,0.7892,0.292,0.6627,0.292,0.4054,0.0023,0.2062,0.5413
